sucursal_id|sucursal|dirección|telefono|direccion
C-72pY|AGS-SVu||+41(7)6995893084|Privada Norte Zelaya 134 328
C-41tT|SON-aHW||(553)445-2016x733|Callejón Gutiérrez 258 636
C-59hj|SLP-lxZ||(140)904-7730x56861|Cerrada Sur Sanabria 605 805
C-16ZQ|COL-ojJ||313-670-0643x191|Ampliación Uruguay 419 Edif. 244 , Depto. 201
C-98qg|VER-Bun||+03(4)3041369348|Andador Tamaulipas 688 990
C-57zL|SLP-TaV||045-255-7578|Retorno Jasso 468 Edif. 276 , Depto. 649
C-62WT|ZAC-Xws||837.796.2618|Prolongación República de Moldova 260 Interior 072
C-08xq|QRO-kBv||(861)662-6165x962|Pasaje Anguiano 150 Edif. 561 , Depto. 921
C-53yG|SON-mgm||1-429-832-1627|Peatonal Ocasio 687 Interior 627
C-23tV|SIN-jkO||1-936-662-9896x123|Calzada Burkina Faso 457 281
C-76yb|MOR-kAT||604-809-8430x781|Boulevard Polonia 478 Edif. 694 , Depto. 248
C-99Kx|BCS-XHT||(139)526-5144|Cerrada Tailandia 540 Interior 398
C-51Iu|BC-LIs||668.059.8898|Boulevard Norte Rojo 026 210
C-62Ed|JAL-OyL||1-525-575-2662x0650|Eje vial Uganda 077 Interior 108
C-98PR|YUC-OJC||08858508645|Calle Palomino 593 050
C-96gU|CHIS-kwM||(184)980-6613|Boulevard Norte Carrillo 142 Edif. 862 , Depto. 634
C-25fj|MICH-FvX||(691)533-6465|Pasaje Nuevo León 001 Interior 749
C-95dC|TLAX-Plu||00043398221|Continuación Sonora 544 Edif. 787 , Depto. 956
C-78vA|SLP-wxE||(826)626-4223x29369|Corredor Baja California Sur 008 Interior 538
C-88aW|CHIS-rEA||+03(2)3614982608|Callejón China 055 Edif. 441 , Depto. 051
C-32Ea|DGO-vvR||226-009-6473x066|Viaducto Veracruz de Ignacio de la Llave 558 Edif. 089 , Depto. 833
C-70yn|TAB-AUb||(273)335-9514|Calle Sri Lanka 111 Edif. 510 , Depto. 182
C-98Fh|CHIH-hzp||589-413-0429|Circuito Namibia 379 Interior 760
C-94lm|Q. ROO-scf||1-518-288-5300x4770|Ampliación Briseño 032 Edif. 905 , Depto. 201
C-06Ix|TAB-WOl||+92(3)4437954216|Periférico España 281 Interior 172
C-08WF|MEX-Xdc||1-538-755-2292|Prolongación Salcido 597 Edif. 553 , Depto. 003
C-95ny|Q. ROO-BWx||(334)319-0774|Ampliación Aguascalientes 698 688
C-64AB|TAMPS-wfH||(931)714-7225x459|Circuito Colima 697 Edif. 588 , Depto. 848
C-49mo|SON-joh||(219)449-9731x916|Retorno Bonilla 274 092
C-14jI|HGO-Apn||022-106-7685x923|Prolongación Sur Gaitán 196 Edif. 961 , Depto. 581
C-19Ry|YUC-LWv||(519)831-7773x0834|Prolongación Madera 021 Interior 049
C-53vz|CHIH-mkH||795-740-3965x49487|Eje vial Rentería 202 818
C-83BB|MOR-UYS||(106)672-9962x922|Calzada Chiapas 372 Edif. 033 , Depto. 683
C-11dG|NAY-Jmd||727.068.7145|Prolongación Laboy 042 Edif. 469 , Depto. 404
C-07tJ|BC-lhn||409-435-9888x2862|Calle India 960 Edif. 247 , Depto. 076
C-97Uv|SLP-NJI||1-938-664-6395x709|Prolongación San Luis Potosí 529 Edif. 919 , Depto. 060
C-74ga|TLAX-XIz||1-188-049-1870|Ampliación Sonora 865 097
C-88oo|SLP-CId||(757)365-1309|Circuito Ochoa 683 Interior 403
C-07oY|CHIS-vYk||+61(7)9156222563|Circuito Norte Alcala 376 797
C-16tQ|TAB-ZnO||(940)340-4941x91668|Boulevard Arabia Saudita 579 Edif. 350 , Depto. 422
C-75LU|NAY-SgL||(291)975-8894x200|Prolongación Aguascalientes 868 362
C-99zA|PUE-VqW||583.935.2861|Prolongación Chihuahua 633 Interior 509
C-67mz|ZAC-ASM||579-027-8515x309|Callejón Varela 196 Interior 932
C-40Bq|SLP-IeW||350.868.7889x96303|Privada Soliz 861 678
C-04sH|SIN-DvA||(361)567-8067x3028|Eje vial Rentería 730 Interior 946
C-89WI|MICH-HnF||214-844-6177x96599|Cerrada Sur Espinosa 835 Edif. 387 , Depto. 854
C-81PX|SON-Nqh||745.272.4209|Circuito Solorio 137 263
C-46TI|DF-cHy||1-495-290-0420|Calzada Meza 665 Interior 437
C-16Kl|GTO-LYF||+36(0)4977557781|Calzada Nayarit 538 239
C-49gq|BCS-QRh||1-950-660-2799x348|Prolongación Barragán 578 Interior 574
C-94mE|Q. ROO-wSN||(316)937-9839x404|Callejón Sur Tirado 719 Interior 349
C-66wt|AGS-oqz||+46(7)6872109965|Corredor Abrego 750 881
C-38Zr|SLP-YGu||059.754.9479x588|Andador Mónaco 353 Interior 759
C-11Ji|MOR-KUE||1-814-708-5228|Avenida Dueñas 523 846
C-73pS|TAB-blk||1-048-760-8195|Ampliación Ureña 600 Interior 023
C-93kN|MICH-eeO||078.684.6394x916|Andador San Luis Potosí 262 Edif. 337 , Depto. 848
C-40Od|CHIS-bgj||856.957.1391x70341|Callejón Campeche 382 Edif. 705 , Depto. 473
C-65Hz|NL-Kxg||+51(0)5283540383|Cerrada Salinas 693 345
C-97hJ|VER-rVO||(135)855-9658x8188|Prolongación Michoacán de Ocampo 756 727
C-42xU|MICH-WFO||00580688407|Avenida Durango 148 Interior 007
C-31OI|AGS-mvx||+24(2)8339623597|Viaducto Lesotho 719 795
C-02xA|CHIH-QhL||416-181-9213|Pasaje Puebla 507 548
C-23LA|OAX-tUa||(429)805-5424x285|Calzada Reyes 012 Interior 859
C-23PF|BC-CkU||472-634-6830|Ampliación Norte Benavides 611 364
C-17xn|SON-Bcf||567-382-8166x49578|Periférico Eslovenia 737 Interior 135
C-83rQ|SLP-xnZ||962.824.0387|Retorno Distrito Federal 431 068
C-06fJ|MICH-oUy||562.762.7529|Callejón Jordania 252 685
C-00Cq|MICH-haM||763-159-5393x87110|Cerrada Sur Cedillo 934 Edif. 806 , Depto. 088
C-28Ju|YUC-BWD||875-789-7276x916|Circunvalación Lebrón 728 Edif. 299 , Depto. 548
C-92MW|BC-mPn||(653)869-1354x98603|Viaducto República Checa 852 Interior 396
C-07vt|Q. ROO-OjB||(423)163-1643x48986|Privada Sur Echeverría 907 Interior 349
C-20EG|TAMPS-fCk||229-324-7672|Eje vial Sur Tijerina 045 Edif. 551 , Depto. 345
C-05dv|CHIS-nNW||(079)224-4358|Circunvalación Trinidad y Tabago 389 010
C-19wc|QRO-Mfb||1-542-451-4556x022|Circuito Yucatán 284 711
C-96cs|CAMP-Avn||673.535.4946|Viaducto Jalisco 735 600
C-42hJ|TAMPS-bzt||067.127.0383x8275|Privada Villagómez 259 599
C-14MQ|GRO-ERg||(780)902-6289x626|Calle Norte Santillán 598 Edif. 612 , Depto. 573
C-14oj|JAL-TDl||(378)315-4332x1659|Andador Vanuatu 040 805
C-74sj|CAMP-VPU||1-012-847-9574x139|Eje vial Nieto 064 Interior 623
C-98yy|QRO-rQz||823-863-0113x106|Pasaje Norte Loera 430 205
C-49XM|DF-iWi||073-296-1809x1145|Peatonal Tlaxcala 752 Interior 435
C-85If|TAB-gNk||(149)402-5854x973|Calzada San Luis Potosí 196 Edif. 017 , Depto. 972
C-97Km|ZAC-eer||1-313-672-7400|Corredor Sur Cabán 572 Edif. 589 , Depto. 372
C-32pX|PUE-Qom||510-026-4638x711|Peatonal Tabasco 436 121
C-82hw|MICH-KOt||942.226.0649x1658|Andador Líbano 472 641
C-80sl|BCS-XGa||1-047-723-0705x7211|Prolongación Zacatecas 018 Interior 489
C-26id|TAB-ApP||300-619-8533|Callejón Colima 029 Edif. 294 , Depto. 382
C-08bs|CHIH-uKw||583.069.0249|Continuación República Dominicana 344 Edif. 570 , Depto. 984
C-70Yt|COAH-hpF||888-108-4071|Retorno Ocampo 567 617
C-51Ri|CAMP-ncl||1-778-300-8036|Prolongación Norte Reyes 589 399
C-02cT|GRO-sUx||529-107-0513|Peatonal Miramontes 993 Interior 855
C-22MK|CHIS-JhY||263-318-9927x8412|Calle Nayarit 405 Edif. 675 , Depto. 228
C-90jt|ZAC-plY||005.307.0834|Cerrada Torres 870 Interior 901
C-25to|TLAX-aaK||723-112-4601x87489|Continuación Norte Pedroza 401 Interior 057
C-94oV|CHIH-QWk||937.699.6439|Callejón Cardona 198 Edif. 487 , Depto. 602
C-80PW|SON-yjO||051.716.8131x588|Cerrada Bernal 562 211
C-46Qt|MOR-SZi||(051)688-0628x17354|Continuación Sur Menchaca 563 Edif. 125 , Depto. 289
C-07yc|BC-yMd||527.415.7838x14317|Periférico Morelos 413 Interior 617
C-00tY|HGO-UTh||1-630-337-7589|Peatonal Chihuahua 425 Edif. 010 , Depto. 739
C-25pE|CAMP-QRN||401-819-6084x0030|Viaducto Anaya 078 Interior 868
C-50PO|MOR-FNQ||(883)475-5929x530|Retorno Baja California 468 Interior 776
C-19bw|DGO-xIU||(545)600-4247x5393|Viaducto Norte Ramos 081 Interior 609
C-99ca|Q. ROO-IjP||335-718-9828x4775|Privada Sur Correa 960 Interior 360
C-46RQ|Q. ROO-iSK||(336)529-0089|Continuación Chihuahua 224 Interior 946
C-00yI|TAMPS-XZp||(469)015-7267x11310|Ampliación Peres 758 847
C-81jg|BCS-phh||(305)937-5177|Avenida Ecuador 499 Edif. 792 , Depto. 994
C-50Hm|COAH-nVE||543-015-3349|Pasaje Saucedo 013 160
C-69Sw|MEX-ohM||026.757.4181x5289|Retorno Tlaxcala 573 Interior 556
C-05Aw|DF-TpT||(770)962-8610x0132|Viaducto Sur Prieto 894 209
C-98Sv|NAY-CUQ||(779)391-7147x9396|Continuación Querétaro 451 068
C-85zK|NAY-chv||151-537-1117x2741|Andador Belice 388 877
C-72MG|MOR-GiS||1-563-689-2193|Andador Arellano 473 Interior 789
C-64ns|DGO-krw||920-504-7592|Corredor Tayikistán 861 Edif. 356 , Depto. 226
C-93QY|COAH-Sdm||(337)303-2062x085|Retorno Norte Orozco 111 Interior 313
C-61xB|AGS-AAw||09861314144|Eje vial San Luis Potosí 651 Interior 888
C-37Li|NAY-aKY||1-439-188-7752x6166|Viaducto Chiapas 413 435
C-10Xp|TLAX-uIs||084.004.8216x865|Ampliación Sur Vanegas 355 327
C-63pq|COL-PrB||05732778341|Callejón República Unida de Tanzanía 445 642
C-05Su|MEX-blS||02899072773|Privada Tlaxcala 514 194
C-29UU|MICH-ZNl||513-710-7027x3126|Prolongación Cervántez 376 Edif. 597 , Depto. 189
